Adams,Kenneth M.,Kenneth M. Adams,1897,1966,1897-1966,Albuquerque,New Mexico,United States of America,,North America,3,,,-106.65114,35.08449,5454711
Archer,Edmund,Edmund Archer,1904,1986,1904-1986,Richmond,Virginia,United States of America,Central North America,North America,26,,,-77.46026,37.55376,4781708
Atherton,John,John Atherton,1900,1952,1900-1952,,New Brunswick,Canada,,North America,35,,,-113.64258,60.10867,6251999
Ault,George C.,George C. Ault,1891,1948,1891-1948,Woodstock,New York,United States of America,Central North America,North America,36,,,-84.51938,34.10149,4231874
Bacon,Peggy,Peggy Bacon,1895,1987,1895-1987,Cape Porpoise,Maine,United States of America,Central North America,North America,44,,,-70.43811,43.37259,4960127
Baizerman,Saul,Saul Baizerman,1889,1957,1889-1957,New York City,New York,United States of America,Central North America,North America,52,,,-74.00597,40.71427,5128581
Bakos,Jozef G.,Jozef G. Bakos,1891,1977,1891-1977,,,,,,54,,,35.76667,34.15778,270871
Barthé,Richmond,Richmond Barthé,1901,1989,1901-1989,Pasadena,California,United States of America,Central North America,North America,8220,,,-118.14452,34.14778,5381396
Baum,Mark,Mark Baum,1903,1997,1903-1997,Cape Neddick,Maine,United States of America,Central North America,North America,72,,,-70.62089,43.1937,4960091
Beal,Gifford,Gifford R. Beal,1879,1956,1879-1956,New York City,New York,United States of America,Central North America,North America,77,,,-74.00597,40.71427,5128581
Beatty,John W.,John W. Beatty,1851,1924,1851-1924,Clifton Springs,New York,United States of America,Central North America,North America,82,,,-77.13998,42.96173,5112965
Beaux,Cecilia,Cecilia Beaux,1863,1942,1863-1942,Gloucester,Massachusetts,United States of America,Central North America,North America,85,,,-76.52297,37.40121,4761164
Bell,Cecil C.,Cecil C. Bell,1906,1970,1906-1970,New York City,New York,United States of America,Central North America,North America,92,,,-74.00597,40.71427,5128581
Bellows,George,George Bellows,1882,1925,1882-1925,New York City,New York,United States of America,,North America,94,,,-74.00597,40.71427,5128581
Benn,Ben,Ben Benn,1884,1983,1884-1983,New York City,New York,United States of America,Central North America,North America,98,,,-74.00597,40.71427,5128581
Benton,Thomas Hart,Thomas Hart Benton,1889,1975,1889-1975,Kansas City,Missouri,United States of America,Central North America,North America,101,,,-94.62746,39.11417,4273837
Berman,Eugene,Eugene Berman,1899,1972,1899-1972,Rome,,Italy,,Europe,105,,,12.51133,41.89193,3169070
Berresford,Virginia,Virginia Berresford,1904,1995,1904-1995,Martha's Vineyard,Massachusetts,United States of America,Central North America,North America,107,,,-70.61265,41.39016,4943237
Bianco,Pamela,Pamela Bianco,1906,1995,1906-1995,New York City,New York,United States of America,,North America,112,,,-74.00597,40.71427,5128581
Biddle,George,George Biddle,1885,1973,1885-1973,Croton-on-Hudson,New York,United States of America,Central North America,North America,113,,,-73.89125,41.20843,5114221
Billings,Henry,Henry Billings,1901,1987,1901-1987,Sag Harbor,New York,United States of America,Central North America,North America,117,,,-72.29258,40.99788,5134800
Bishop,Isabel,Isabel Bishop,1902,1988,1902-1988,New York City,New York,United States of America,Central North America,North America,122,,,-74.00597,40.71427,5128581
Blanch,Arnold,Arnold Blanch,1896,1968,1896-1968,Woodstock,New York,United States of America,,North America,125,,,-84.51938,34.10149,4231874
Blanch,Lucile,Lucile Blanch,1895,1981,1895-1981,Macon,Georgia,United States of America,,North America,126,,,-83.6324,32.84069,4207400
Bloch,Julius,Julius Bloch,1888,1966,1888-1966,Philadelphia,Pennsylvania,United States of America,Central North America,North America,130,,,-75.16379,39.95234,4560349
Bluemner,Oscar,Oscar Bluemner,1867,1938,1867-1938,Braintree,Massachusetts,United States of America,Central North America,North America,133,,,-70.99949,42.22232,4931181
Blum,Jerome,Jerome Blum,1884,1956,1884-1956,Poughkeepsie,New York,United States of America,,North America,135,,,-73.92097,41.70037,5132143
Blume,Peter,Peter Blume,1906,1992,1906-1992,New Milford,Connecticut,United States of America,Central North America,North America,138,,,-73.0565,41.22232,4838652
Bohrod,Aaron,Aaron Bohrod,1907,1992,1907-1992,Madison,Wisconsin,United States of America,Central North America,North America,144,,,-89.40123,43.07305,5261457
Borie,Adolphe,Adolphe Borie,1877,1934,1877-1934,Philadelphia,Pennsylvania,United States of America,,North America,149,,,-75.16379,39.95234,4560349
Bouché,Louis,Louis Bouché,1869,1969,1869-1969,Pittsfield,Massachusetts,United States of America,,North America,155,,,-73.24538,42.45008,4947459
Bowes,Julian,Julian Bowes,1894,0,1894-,,,,,,160,,,176.13333,-39.36667,2186206
Boyd,Fiske,Fiske Boyd,1895,1975,1895-1975,Summit,New Jersey,United States of America,,North America,163,,,-94.38217,38.91084,4394870
Braught,Ross,Ross Braught,1898,1983,1898-1983,Philadelphia,Pennsylvania,United States of America,,North America,168,,,-75.16379,39.95234,4560349
Brook,Alexander,Alexander Brook,1898,1980,1898-1980,Long Island,New York,United States of America,,North America,180,,,-73.06622,40.81677,5125123
Brooks,James,James Brooks,1906,1992,1906-1992,New York City,New York,United States of America,,North America,181,,,-74.00597,40.71427,5128581
Brown,Sonia Gordon,Sonia Gordon Brown,1894,1966,1894-1966,Florence,,Italy,,Europe,186,,,11.24626,43.77925,3176959
Bruce,Edward,Edward Bruce,1879,1943,1879-1943,New York City,New York,United States of America,,North America,189,,,-74.00597,40.71427,5128581
Buller,Audrey,Audrey Buller,1902,1984,1902-1984,Little Compton,Rhode Island,United States of America,,North America,194,,,-71.17116,41.5101,5223129
Burchfield,Charles,Charles Burchfield,1893,1967,1893-1967,West Seneca,New York,United States of America,Central North America,North America,197,,,-78.79975,42.85006,5143992
Burck,Jacob,Jacob Burck,1904,1982,1904-1982,Chicago,Illinois,United States of America,Central North America,North America,198,,,-87.65005,41.85003,4887398
Burkhard,Henri,Henri Burkhard,1882,1956,1882-1956,New York City,New York,United States of America,,North America,199,,,-74.00597,40.71427,5128581
Burlin,Paul,Paul Burlin,1886,1969,1886-1969,New York City,New York,United States of America,,North America,200,,,-74.00597,40.71427,5128581
Burliuk,David,David Burliuk,1882,1967,1882-1967,Southampton,New York,United States of America,,North America,201,,,-77.10609,36.7204,4786735
Burroughs,Bryson,Bryson Burroughs,1869,1934,1869-1934,New York City,New York,United States of America,,North America,203,,,-74.00597,40.71427,5128581
Butler,Andrew,Andrew Butler,1896,1979,1896-1979,New York City,New York,United States of America,,North America,206,,,-74.00597,40.71427,5128581
Cadmus,Paul,Paul Cadmus,1904,1999,1904-1999,Weston,Connecticut,United States of America,Central North America,North America,210,,,-104.56783,43.84049,5842707
Cammarata,Peter,Peter Cammarata,1887,0,1887-,,,,,,219,,,176.13333,-39.36667,2186206
Campbell,Charles,Charles Campbell,1905,1985,1905-1985,Phoenix,Arizona,United States of America,,North America,223,,,-112.07404,33.44838,5308655
Canade,Vincent,Vincent Canade,1879,1961,1879-1961,New York City,New York,United States of America,,North America,225,,,-74.00597,40.71427,5128581
Carroll,John,John Carroll,1892,1959,1892-1959,Albany,New York,United States of America,,North America,236,,,-73.75623,42.65258,5106834
Carter,Clarence Holbrook,Clarence Holbrook Carter,1904,2000,1904-2000,Holland Township,New Jersey,United States of America,Central North America,North America,237,,,-92.85066,34.80425,4114950
Castellón,Federico,Federico Castellón,1914,1971,1914-1971,New York City,New York,United States of America,Central North America,North America,242,,,-74.00597,40.71427,5128581
Chanler,Robert,Robert W. Chanler,1873,1930,1873-1930,Woodstock,New York,United States of America,Central North America,North America,250,,,-84.51938,34.10149,4231874
Cikovsky,Nicolai,Nicolai Cikovsky,1894,1984,1894-1984,"Washington, D.C.",,United States of America,,North America,267,,,-77.03637,38.89511,4140963
Citron,Minna,Minna Citron,1896,1991,1896-1991,New York City,New York,United States of America,Central North America,North America,268,,,-74.00597,40.71427,5128581
Clemens,Paul Lewis,Paul Lewis Clemens,1911,1991,1911-1991,Los Angeles,California,United States of America,Central North America,North America,271,,,-118.24368,34.05223,5368361
Coiner,Charles T.,Charles T. Coiner,1898,1989,1898-1989,Mechanisville,Pennsylvania,United States of America,,North America,279,,,-93.55934,32.29599,4333064
Coleman,Glenn O.,Glenn O. Coleman,1887,1932,1887-1932,Long Beach,New York,United States of America,Central North America,North America,280,,,-118.18923,33.76696,5367929
Cook,Howard,Howard Cook,1901,1980,1901-1980,Santa Fe,New Mexico,United States of America,Central North America,North America,287,,,-105.9378,35.68698,5490263
Corbino,Jon,Jon Corbino,1905,1964,1905-1964,Sarasota,Florida,United States of America,,North America,291,,,-82.53065,27.33643,4172131
Corcos,Lucille,Lucille Corcos,1908,1973,1908-1973,New York City,New York,United States of America,,North America,292,,,-74.00597,40.71427,5128581
Costigan,John,John Edward Costigan,1888,1972,1888-1972,Nyack,New York,United States of America,,North America,294,,,-120.71021,39.27462,5329473
Cramer,Konrad,Konrad Cramer,1888,1963,1888-1963,Woodstock,New York,United States of America,Central North America,North America,299,,,-84.51938,34.10149,4231874
Crawford,Ralston,Ralston Crawford,1906,1978,1906-1978,Houston,Texas,United States of America,Central North America,North America,301,,,-95.36327,29.76328,4699066
Criss,Francis,Francis Criss,1901,1973,1901-1973,New York City,New York,United States of America,Central North America,North America,304,,,-74.00597,40.71427,5128581
Culver,Charles,Charles Culver,1908,1967,1908-1967,Detroit,Michigan,United States of America,,North America,305,,,-83.04575,42.33143,4990729
Curry,John Steuart,John Steuart Curry,1897,1946,1897-1946,Madison,Wisconsin,United States of America,Central North America,North America,310,,,-89.40123,43.07305,5261457
Cushing,Howard G.,Howard G. Cushing,1869,1916,1869-1916,New York City,New York,United States of America,,North America,311,,,-74.00597,40.71427,5128581
Custer,Bernadine,Bernadine Custer,1900,1991,1900-1991,Londonderry,Vermont,United States of America,,North America,314,,,-82.79045,39.26673,4517025
Daniel,Lewis C.,Lewis C. Daniel,1901,1952,1901-1952,Brookville,Illinois,United States of America,,North America,316,,,-84.41134,39.83672,4507188
Dasburg,Andrew,Andrew Dasburg,1887,1979,1887-1979,Talpa,New Mexico,United States of America,Central North America,North America,319,,,-99.70952,31.77654,4735511
Davey,Randall,Randall Davey,1887,1964,1887-1964,Bakersfield,California,United States of America,,North America,322,,,-119.01871,35.37329,5325738
Davidson,Jo,Jo Davidson,1883,1952,1883-1952,Saché,Indre-et-Loire,France,,Europe,323,,,0.54455,47.24707,2982052
Davies,Arthur B.,Arthur B. Davies,1862,1928,1862-1928,Florence,,Italy,,Europe,324,,,11.24626,43.77925,3176959
Davis,Emma Lu,Emma Lu Davis,1905,1988,1905-1988,San Diego,California,United States of America,Central North America,North America,326,,,-117.15726,32.71533,5391811
Davis,Hubert,Hubert Davis,1902,1981,1902-1981,,,,,,328,,,35.76667,34.15778,270871
Davis,Stuart,Stuart Davis,1892,1964,1892-1964,New York City,New York,United States of America,Central North America,North America,330,,,-74.00597,40.71427,5128581
de Creeft,José,José de Creeft,1884,1982,1884-1982,New York City,New York,United States of America,Central North America,North America,336,,,-74.00597,40.71427,5128581
Dehn,Adolf,Adolf Dehn,1895,1968,1895-1968,New York City,New York,United States of America,Central North America,North America,338,,,-74.00597,40.71427,5128581
deMartelly,John,John Stockton deMartelly,1903,1979,1903-1979,Okemos,Michigan,United States of America,,North America,342,,,-84.42747,42.72226,5004359
Demuth,Charles,Charles Demuth,1883,1935,1883-1935,Lancaster,Pennsylvania,United States of America,Central North America,North America,344,,,-96.66696,40.8,5072006
Dickinson,Preston,Preston Dickinson,1891,1930,1891-1930,Irun,,Spain,,Europe,355,,,-1.78938,43.33904,3120304
Diederich,Hunt,Hunt Diederich,1884,1953,1884-1953,Nyack,New York,United States of America,,North America,357,,,-120.71021,39.27462,5329473
Dirk,Nathaniel,Nathaniel Dirk,1895,1961,1895-1961,New York City,New York,United States of America,,North America,363,,,-74.00597,40.71427,5128581
Dohanos,Stevan,Stevan Dohanos,1907,1994,1907-1994,Westport,Connecticut,United States of America,Central North America,North America,368,,,-73.3579,41.14149,4845585
Donnelly,Thomas,Thomas Donnelly,1893,1971,1893-1971,Valhalla,New York,United States of America,,North America,370,,,-147.07917,61.46,5877396
Dozier,Otis,Otis Dozier,1904,1987,1904-1987,Dallas,Texas,United States of America,,North America,375,,,-96.80667,32.78306,4684888
Driggs,Elsie,Elsie Driggs,1895,1992,1895-1992,New York City,New York,United States of America,Central North America,North America,378,,,-74.00597,40.71427,5128581
Du Bois,Guy Pène,Guy Pène Du Bois,1884,1958,1884-1958,Boston,Massachusetts,United States of America,Central North America,North America,383,,,-71.05977,42.35843,4930956
Duffy,Edmund,Edmund Duffy,1889,1962,1889-1962,New York City,New York,United States of America,,North America,385,,,-74.00597,40.71427,5128581
Dwight,Mabel,Mabel Dwight,1876,1955,1876-1955,Sellersville,Pennsylvania,United States of America,Central North America,North America,388,,,-75.3049,40.35399,5211420
Eberle,Abastenia St. Leger,Abastenia St. Leger Eberle,1878,1942,1878-1942,New York City,New York,United States of America,,North America,392,,,-74.00597,40.71427,5128581
Eilshemius,Louis M.,Louis M. Eilshemius,1864,1941,1864-1941,New York City,New York,United States of America,,North America,397,,,-74.00597,40.71427,5128581
Esherick,Wharton,Wharton Esherick,1887,1970,1887-1970,Paoli,Pennsylvania,United States of America,Central North America,North America,403,,,-86.46832,38.55617,4262762
Etting,Emlen,Emlen Etting,1905,1993,1905-1993,Philadelphia,Pennsylvania,United States of America,,North America,405,,,-75.16379,39.95234,4560349
Evergood,Philip,Philip Evergood,1901,1973,1901-1973,Bridgewater,Connecticut,United States of America,Central North America,North America,407,,,-74.64815,40.60079,8299576
Faggi,Alfeo,Alfeo Faggi,1885,1966,1885-1966,Woodstock,New York,United States of America,,North America,411,,,-84.51938,34.10149,4231874
Farnsworth,Jerry,Jerry Farnsworth,1895,1983,1895-1983,Sarasota,Florida,United States of America,,North America,413,500042553,,-82.53065,27.33643,4172131
Fausett,Dean,Dean Fausett,1913,1998,1913-1998,,Vermont,United States of America,,North America,414,500048654,,-98.5,39.76,6252001
Feininger,Lyonel,Lyonel Feininger,1871,1956,1871-1956,New York City,New York,United States of America,Central North America,North America,417,,,-74.00597,40.71427,5128581
Ferguson,Duncan,Duncan Ferguson,1901,1974,1901-1974,Los Angeles,California,United States of America,Central North America,North America,420,,,-118.24368,34.05223,5368361
Fiene,Ernest,Ernest Fiene,1894,1965,1894-1965,Paris,,France,,Europe,425,500000832,,2.3488,48.85341,2988507
Fiene,Paul,Paul Fiene,1899,1949,1899-1949,Woodstock,New York,United States of America,Central North America,North America,426,,,-84.51938,34.10149,4231874
Filmus,Tully,Tully Filmus,1903,1998,1903-1998,Fern Hill,Massachusetts,United States of America,Central North America,North America,427,,,-123.73708,46.16455,5726411
Flannagan,John B.,John B. Flannagan,1895,1942,1895-1942,New York City,New York,United States of America,Central North America,North America,437,,,-74.00597,40.71427,5128581
Frame,Walter K.,Walter K. Frame,1895,1957,1895-1957,Great Barrington,Massachusetts,United States of America,,North America,448,,,-73.36206,42.19592,4938157
Freeman,Don,Don Freeman,1908,1978,1908-1978,New York City,New York,United States of America,,North America,459,,,-74.00597,40.71427,5128581
French,Daniel Chester,Daniel Chester French,1850,1931,1850-1931,Stockbridge,Massachusetts,United States of America,,North America,461,500009434,,-84.23381,33.54428,4224681
French,Jared,Jared French,1905,1988,1905-1988,Rome,,Italy,,Europe,462,,,12.51133,41.89193,3169070
Froelich,Paul,Paul Froelich,1897,1968,1897-1968,Philadelphia,Pennsylvania,United States of America,Central North America,North America,466,,,-75.16379,39.95234,4560349
Fry,Sherry,Sherry Fry,1879,1966,1879-1966,Roxbury,Connecticut,United States of America,,North America,468,,,-73.30873,41.55648,4841774
Gaertner,Carl,Carl Gaertner,1898,1952,1898-1952,Willoughby,Ohio,United States of America,,North America,471,500003493,,-81.39702,41.68479,5161325
Gag,Wanda,Wanda Gag,1893,1946,1893-1946,New York City,New York,United States of America,,North America,472,500107586,,-74.00597,40.71427,5128581
Ganso,Emil,Emil Ganso,1895,1941,1895-1941,Iowa City,Iowa,United States of America,,North America,475,500017088,,-91.53017,41.66113,4862034
Gerald,E. Bart,E. Bart Gerald,1907,0,1907-,New York City,New York,United States of America,,North America,485,,,-74.00597,40.71427,5128581
Gershoy,Eugenie,Eugenie Gershoy,1905,1986,1905-1986,New York City,New York,United States of America,,North America,486,500112507,,-74.00597,40.71427,5128581
Glackens,William,William Glackens,1870,1938,1870-1938,Westport,Connecticut,United States of America,Central North America,North America,493,,,-73.3579,41.14149,4845585
Goff,Lloyd Lozes,Lloyd Lozes Goff,1917,1982,1917-1982,New York City,New York,United States of America,,North America,497,500053724,,-74.00597,40.71427,5128581
Goldthwaite,Anne,Anne Goldthwaite,1869,1944,1869-1944,New York City,New York,United States of America,,North America,501,500027445,,-74.00597,40.71427,5128581
Gorky,Arshile,Arshile Gorky,1897,1948,1902-1948,Sherman,Connecticut,United States of America,Central North America,North America,510,,,-120.68932,45.40521,5751614
Gottlieb,Harry,Harry Gottlieb,1885,1993,1885-1993,New York City,New York,United States of America,,North America,512,500005490,,-74.00597,40.71427,5128581
Grafly,Charles,Charles Grafly,1862,1929,1862-1929,Philadelphia,Pennsylvania,United States of America,,North America,513,500053705,,-75.16379,39.95234,4560349
Graham,John D.,John D. Graham,1886,1961,1886-1961,London,,England,,Europe,515,500033062,,-0.12574,51.50853,2643743
Graves,Morris,Morris Graves,1910,2001,1910-2001,Loleta,California,United States of America,,North America,518,500010825,,-124.22533,40.64096,5567069
Greenbaum,Dorothea,Dorothea Greenbaum,1893,1986,1893-1986,Princeton,New Jersey,United States of America,,North America,522,500054037,"https://www.google.com/url?sa=t&rct=j&q=&esrc=s&source=web&cd=1&cad=rja&uact=8&ved=0ahUKEwipop7Mqq7JAhULHx4KHbxkDcEQFggdMAA&url=http%3A%2F%2Fwww.nytimes.com%2F1986%2F04%2F09%2Fobituaries%2Fdorothea-greenbaum-artist-made-traditional-sculptures.html&usg=AFQjCNHNwbFwf6V1YQMZkC78yS2ZVYU49Q&sig2=RzRJTgU4zqJF-13HN2YpaQ&bvm=bv.108194040,d.cWw",-74.65905,40.34872,5102922
Greene,Balcomb,Balcomb Greene,1904,1990,1904-1990,Montauk Point,New York,United States of America,Central North America,North America,523,,,-71.8775,41.07167,7120492
Greitzer,Jack J.,Jack J. Greitzer,1910,1989,1910-1989,Ft. Lauderdale,Florida,United States of America,,North America,527,,,-80.14338,26.12231,4155966
Gropper,William,William Gropper,1897,1977,1897-1977,Manhasset,New York,United States of America,Central North America,North America,535,,,-73.67985,40.75927,5125768
Gross,Chaim,Chaim Gross,1904,1991,1904-1991,New York City,New York,United States of America,,North America,536,500033064,,-74.00597,40.71427,5128581
Gross,Sidney,Sidney Gross,1921,1969,1921-1969,New York City,New York,United States of America,,North America,537,,,-74.00597,40.71427,5128581
Grosz,George,George Grosz,1893,1959,1893-1959,Berlin,,Germany,Central Europe,Europe,540,,,13.41053,52.52437,2950159
Guglielmi,Louis,Louis Guglielmi,1906,1956,1906-1956,Amagansett,New York,United States of America,Central North America,North America,542,,,-72.14369,40.97371,5107091
Gussow,Bernard,Bernard Gussow,1881,1957,1881-1957,New York City,New York,United States of America,Central North America,North America,543,500143216,,-74.00597,40.71427,5128581
Hall,Carl,Carl Hall,1921,1996,1921-1996,Salem,Oregon,United States of America,,North America,554,,,-123.0351,44.9429,5750162
Halpert,Samuel,Samuel Halpert,1888,1985,1888-1985,Detroit,Michigan,United States of America,,North America,557,500009174,,-83.04575,42.33143,4990729
Handforth,Thomas,Thomas Handforth,1897,1948,1897-1948,Washington,Delaware,United States of America,,North America,558,500105153,,-77.03637,38.89511,4140963
Harriton,Abraham,Abraham Harriton,1883,1986,1883-1986,Long Island,New York,United States of America,,North America,567,500054224,,-73.06622,40.81677,5125123
Hart,George O. (Pop),George Overbury (Pop) Hart,1868,1933,1868-1933,New York City,New York,United States of America,,North America,568,500027420,,-74.00597,40.71427,5128581
Hartl,Léon,Léon Hartl,1889,1973,1889-1973,Schenectady,New York,United States of America,Central North America,North America,571,,,-73.93957,42.81424,5136454
Hartley,Marsden,Marsden Hartley,1877,1943,1877-1943,Ellsworth,Maine,United States of America,Central North America,North America,572,,,-98.20473,38.69663,4270946
Hartman,Bertram,Bertram Hartman,1882,1960,1882-1960,New York City,New York,United States of America,,North America,573,500027646,,-74.00597,40.71427,5128581
Hartman,Rosella,Rosella Hartman,1894,1984,1894-1984,Woodstock,New York,United States of America,,North America,574,500054233,,-84.51938,34.10149,4231874
Haseltine,Herbert,Herbert Haseltine,1877,1962,1877-1962,Paris,,France,,Europe,577,500094830,,2.3488,48.85341,2988507
Hassam,Childe,Childe Hassam,1859,1935,1859-1935,East Hampton,New York,United States of America,,North America,578,500018088,,-76.33161,37.03737,4756955
Haucke,Frederick,Frederick Haucke,1908,1960,1908 - 1960,Frenchtown,New Jersey,United States of America,,North America,583,,,-114.22984,47.01492,5653377
Hebald,Milton,Milton Hebald,1917,2015,1917-2015,West Hollywood,California,United States of America,Central North America,North America,589,,,-118.36174,34.09001,5408076
Heckman,Albert,Albert Heckman,1893,1971,1893-1971,Woodstock,New York,United States of America,,North America,590,,,-84.51938,34.10149,4231874
Heliker,John,John Heliker,1909,2000,1909-2000,Bar Harbor,New York,United States of America,Central North America,North America,596,,,-68.36196,44.44924,4966387
Henri,Robert,Robert Henri,1865,1929,1865-1929,New York City,New York,United States of America,Central North America,North America,597,,,-74.00597,40.71427,5128581
Hering,Harry,Harry Hering,1887,1967,1887-1967,New York City,New York,United States of America,,North America,600,500054282,,-74.00597,40.71427,5128581
Higgins,Eugene,Eugene Higgins,1874,1958,1874-1958,New York City,New York,United States of America,,North America,603,500020838,,-74.00597,40.71427,5128581
Hirsch,Joseph,Joseph Hirsch,1910,1981,1910-1981,New York City,New York,United States of America,,North America,606,500011505,,-74.00597,40.71427,5128581
Hirsch,Stefan,Stefan Hirsch,1899,1964,1899-1964,New York City,New York,United States of America,,North America,607,500024254,,-74.00597,40.71427,5128581
Hoffman,Malvina,Malvina Hoffman,1887,1966,1887-1966,New York City,New York,United States of America,,North America,610,500024236,,-74.00597,40.71427,5128581
Holzhauer,Emil,Emil Holzhauer,1887,1986,1887-1986,Niceville,Florida,United States of America,,North America,616,500146482,,-86.48217,30.51686,4165995
Hondius,Gerrit,Gerrit Hondius,1901,1970,1901-1970,Hyannis,Massachusetts,United States of America,,North America,618,500006787,,-70.2828,41.65289,4940190
Horter,Earl,Earl Horter,1881,1940,1881-1940,Philadelphia,Pennsylvania,United States of America,Central North America,North America,622,,,-75.16379,39.95234,4560349
Houmere,Walter,Walter Houmere,1895,1974,1895-1974,New York City,New York,United States of America,,North America,623,,,-74.00597,40.71427,5128581
"House, Jr.",James,"James House, Jr.",1902,1934,1902-1934,,,,,,624,,,35.76667,34.15778,270871
Howard,Cecil,Cecil de Blaquiere Howard,1888,1956,1888-1956,New York City,New York,United States of America,,North America,625,500094515,,-74.00597,40.71427,5128581
Howland,Isabella,Isabella Howland,1895,1974,1895-1974,Bronx,New York,United States of America,,North America,626,500083341,,-73.86641,40.84985,5110266
Huntley,Victoria Hutson,Victoria Hutson Huntley,1900,1971,1900-1971,Chatham,New Jersey,United States of America,Central North America,North America,635,,,-81.09983,32.08354,4221552
Jones,Joe,Joe Jones,1909,1963,1909-1963,Morristown,New Jersey,United States of America,Central North America,North America,661,,,-83.29489,36.21398,4642938
Kane,John,John Kane,1860,1934,1860-1934,Pittsburgh,Pennsylvania,United States of America,Central North America,North America,670,,,-79.99589,40.44062,5206379
Kantor,Morris,Morris Kantor,1896,1974,1896-1974,Nyack,New York,United States of America,,North America,672,500007201,,-120.71021,39.27462,5329473
Keller,Henry G.,Henry G. Keller,1869,1949,1869-1949,San Diego,California,United States of America,,North America,687,500030342,,-117.15726,32.71533,5391811
Kelly,Leon,Leon Kelly,1901,1982,1901-1982,Loveladies,New Jersey,United States of America,Central North America,North America,689,,,-74.13375,39.72373,4502787
Kent,Rockwell,Rockwell Kent,1882,1971,1882-1971,Plattsburgh,New York,United States of America,Central North America,North America,694,,,-73.46667,44.65,6298872
Kingman,Dong,Dong Kingman,1911,2000,1911-2000,New York City,New York,United States of America,,North America,700,500028862,,-74.00597,40.71427,5128581
Kittredge,Kraemer,Kraemer Kittredge,1905,0,1905-,,,,,,705,,,176.13333,-39.36667,2186206
Koerner,Henry,Henry Koerner,1915,1991,1915-1991,St. Polten,,Austria,Central Europe,Europe,713,,,15.63333,48.2,2766429
Kopman,Benjamin,Benjamin Kopman,1887,1965,1887-1965,Teaneck,New Jersey,United States of America,,,717,500024563,,-74.01597,40.8976,5105262
Kreis,Henry,Henry Kreis,1899,1963,1899-1963,Essex,Connecticut,United States of America,,,723,500100695,,-71.16311,42.70704,4941720
Kroll,Leon,Leon Kroll,1884,1974,1884-1974,New York City,New York,United States of America,,North America,726,500018087,,-74.00597,40.71427,5128581
Kuehne,Max,Max Kuehne,1880,1968,1880-1968,New York City,New York,United States of America,,North America,730,500005004,,-74.00597,40.71427,5128581
Kuhn,Walt,Walt Kuhn,1877,1949,1877-1949,New York City,New York,United States of America,Central North America,North America,730,,,-74.00597,40.71427,5128581
Kuniyoshi,Yasuo,Yasuo Kuniyoshi,1889,1953,1889-1953,New York City,New York,United States of America,Central North America,North America,732,,,-74.00597,40.71427,5128581
Lachaise,Gaston,Gaston Lachaise,1882,1935,1882-1935,New York City,New York,United States of America,Central North America,North America,737,,,-74.00597,40.71427,5128581
Lahey,Richard,Richard Lahey,1893,1978,1893-1978,Fairfax,Virginia,United States of America,,North America,740,500026689,,-77.3411,38.96872,4781530
Laning,Edward,Edward Laning,1906,1981,1906-1981,New York City,New York,United States of America,,North America,751,500012487,,-74.00597,40.71427,5128581
Lankes,J.J.,J.J. Lankes,1884,1960,1884-1960,Durham ,North Carolina,United States of America,,North America,752,,,-78.89862,35.99403,4464368
Laufman,Sidney,Sidney Laufman,1891,1985,1891-1985,Sarasota,Florida,United States of America,,North America,757,500009087,,-82.53065,27.33643,4172131
Laurent,Robert,Robert Laurent,1890,1970,1890-1970,Cape Neddick,Maine,United States of America,Central North America,North America,758,,,-70.62089,43.1937,4960091
Lawrence,Jacob,Jacob Lawrence,1917,2000,1917-2000,Seattle,Washington,United States of America,Central North America,North America,759,,,-122.33207,47.60621,5809844
Lawson,Ernest,Ernest Lawson,1873,1939,1873-1939,Miami,Florida,United States of America,Central North America,North America,760,,,-80.19366,25.77427,4164138
Lebrun,Rico,Rico Lebrun,1900,1964,1900-1964,Malibu,California,United States of America,Central North America,North America,762,,,-118.80481,34.02584,5369907
Lee,Arthur,Arthur Lee,1881,1961,1881-1961,Newtown,Connecticut,United States of America,,North America,763,500011472,,-84.36161,39.1245,4519761
Levi,Julian,Julian Levi,1900,1982,1900-1982,New York City,New York,United States of America,,North America,771,,,-74.00597,40.71427,5128581
Lewis,Martin,Martin Lewis,1881,1962,1881-1962,New York City,New York,United States of America,,North America,775,500028815,,-74.00597,40.71427,5128581
Liberte,L. Jean,L. Jean Liberte,1896,1965,1896-1965,New York City,New York,United States of America,,North America,778,500049420,,-74.00597,40.71427,5128581
Limbach,Russell,Russell Limbach,1904,1971,1904-1971,Middletown,Connecticut,United States of America,,North America,780,500125424,,-84.39828,39.51506,4518264
Locke,Charles,Charles Locke,1899,1983,1899-1983,Garrison,New York,United States of America,,North America,790,500024549,,-76.76053,39.40594,4355958
Lockwood,John Ward,John Ward Lockwood,1894,1963,1894-1963,Talpa,New Mexico,United States of America,,North America,793,500014690,,-99.70952,31.77654,4735511
Lozowick,Louis,Louis Lozowick,1892,1973,1892-1973,South Orange,New Jersey,United States of America,Central North America,North America,802,,,-81.50952,28.66194,4173394
Luce,Molly,Molly Luce,1896,1986,1896-1986,Little Compton,Rhode Island,United States of America,Central North America,North America,804,,,-71.17116,41.5101,5223129
Lucioni,Luigi,Luigi Lucioni,1900,1988,1900-1988,New York City,New York,United States of America,,North America,806,500049579,,-74.00597,40.71427,5128581
Ludins,Eugene,Eugene Ludins,1904,1996,1904-1996,Woodstock,New York,United States of America,,North America,808,500097895,,-84.51938,34.10149,4231874
Luks,George,George Luks,1867,1933,1867-1933,New York City,New York,United States of America,Central North America,North America,810,,,-74.00597,40.71427,5128581
Mager,Gus,Gus Mager,1878,1956,1878-1956,Pittsburgh,Pennsylvania,United States of America,,North America,821,500043006,,-79.99589,40.44062,5206379
Maldarelli,Oronzio,Oronzio Maldarelli,1893,1963,1893-1963,New York City,New York,United States of America,,North America,822,500049793,,-74.00597,40.71427,5128581
Man Ray,,Man Ray,1890,1976,1890-1976,Paris,,France,Western Europe,Europe,1075,,,2.3488,48.85341,2988507
Mangravite,Peppino,Peppino Gino Mangravite,1896,1978,1896-1978,Westport,Connecticut,United States of America,,North America,829,500018006,,-73.3579,41.14149,4845585
Margo,Boris,Boris Margo,1902,1995,1902-1995,Hyannis,Massachusetts,United States of America,Central North America,North America,834,,,-70.2828,41.65289,4940190
Margoulies,Berta,Berta Margoulies,1907,1996,1907-1996,Walnut Creek,California,United States of America,,,835,500049628,,-122.06496,37.90631,5406990
Marin,John,John Marin,1870,1953,1870-1953,Addison,Maine,United States of America,Central North America,North America,838,,,-73.14094,44.03091,5233146
Markham,Kyra,Kyra Markham,1891,1967,1891-1967,Port-au-Prince,,Haiti,,North and Central America,840,,,-72.335,18.53917,3718426
Marsh,Reginald,Reginald Marsh,1898,1954,1898-1954,Bennington,Vermont,United States of America,Central North America,North America,841,,,-73.09295,43.03546,5233748
Mattson,Henry,Henry Mattson,1887,1971,1887-1971,Woodstock,New York,United States of America,,,852,500015760,,-84.51938,34.10149,4231874
Matulka,Jan,Jan Matulka,1890,1972,1890-1972,New York City,New York,United States of America,Central North America,North America,853,,,-74.00597,40.71427,5128581
Maurer,Alfred,Alfred Henry Maurer,1868,1932,1868-1932,New York City,New York,United States of America,Central North America,North America,854,,,-74.00597,40.71427,5128581
McCall,Virginia,Virginia McCall,1906,0,1906-,Philadelphia,Pennsylvania,United States of America,,North America,858,,,-75.16379,39.95233,4560349
McCarter,Henry,Henry McCarter,1866,1942,1866-1942,Philadelphia,Pennsylvania,United States of America,,North America,859,500024822,,-75.16379,39.95233,4560349
McCosh,David,David McCosh,1903,1981,1903-1981,Eugene,Oregon,United States of America,,North America,863,500125518,,-123.08675,44.05207,5725846
McFee,Henry Lee,Henry Lee McFee,1886,1953,1886-1953,Altadena,California,United States of America,,North America,867,500001132,,-118.13118,34.18973,5323525
McNulty,William C.,William C. McNulty,1889,1963,1889-1963,Gloucester,Massachusetts,United States of America,,North America,874,,,-76.52297,37.40121,4761164
Mecklem,Austin,Austin Mecklem,1894,1951,1894-1951,Kingston,New York,United States of America,,North America,875,,,-70.72448,41.99455,4941383
Meltsner,Paul R.,Paul R. Meltsner,1905,1966,1905-1966,Woodstock,New York,United States of America,,North America,878,,,-84.51938,34.10149,4231874
Meyer,Felicia,Felicia Meyer,1913,1978,1913-1978,Dorset,Vermont,United States of America,,North America,886,500050105,,-82.47394,28.06752,4153482
Meyer,Herbert,Herbert Meyer,1882,1960,1882-1960,New York City,New York,United States of America,,North America,887,500050104,,-74.00597,40.71427,5128581
Miller,Harriette G.,Harriette G. Miller,1892,1971,1892-1971,Paris,,France,,Europe,891,500062871,,2.3488,48.85341,2988507
Miller,Kenneth Hayes,Kenneth Hayes Miller,1876,1952,1876-1952,New York City,New York,United States of America,,,893,,,-74.00597,40.71427,5128581
Moffett,Ross,Ross Moffett,1888,1971,1888-1971,Provincetown,Massachusetts,United States of America,,,901,500009613,,-70.22058,42.07205,4948092
Moore,Bruce,Bruce Moore,1905,1980,1905-1980,"Washington, D.C.",,United States of America,,,906,500050453,,-77.03637,38.89511,4140963
More,Hermon,Hermon More,1887,1968,1887-1968,Long Branch,New Jersey,United States of America,,,907,,,-73.99236,40.30428,5100619
Morgan,Herbert,Herbert Morgan,1907,1989,1907-1989,New York City,New York,United States of America,,,908,,,-74.00597,40.71427,5128581
Morgan,Maud,Maud Morgan,1903,1999,1903-1999,Cambridge,Massachusetts,United States of America,,,909,500037780,,-71.10561,42.3751,4931972
Morris,George L. K.,George L. K. Morris,1905,1975,1905-1975,New York City,New York,United States of America,,,913,500016166,,-74.00597,40.71427,5128581
Morrison,David H.,David H. Morrison,1885,1934,1885-1934,New York City,New York,United States of America,,,916,,,-74.00597,40.71427,5128581
Moselsio,Simon,Simon Moselsio,1890,1963,1890-1963,Bennington,Vermont,United States of America,,,919,,,-73.09295,43.03546,5233748
Moskowitz,Ira,Ira Moskowitz,1912,1985,1912-1985,New York City,New York,United States of America,,,921,500071094,,-74.00597,40.71427,5128581
Murphy,M. Lois,M. Lois Murphy,1901,1962,1901-1962,Brooklyn,New York,United States of America,,,929,,,-73.94958,40.6501,5110302
Myers,Jerome,Jerome Myers,1867,1940,1867-1940,New York City,New York,,,,932,,,-74.00597,40.71427,5128581
Nagai,Thomas,Thomas Nagai,1886,1966,1886-1966,New York City,New York,United States of America,,,934,,,-74.00597,40.71427,5128581
Nakian,Reuben,Reuben Nakian,1897,1986,1897-1986,Stamford,Connecticut,United States of America,Central North America,North America,935,,,-73.53873,41.05343,4843564
Nason,Thomas W.,Thomas W. Nason,1889,1971,1889-1971,New London,Connecticut,United States of America,,,936,,,-72.09952,41.35565,4839416
Nast,Thomas,Thomas Nast,1840,1902,1840-1902,Guayaquil,,Ecuador,,,937,500026650,,-79.90795,-2.20584,3657509
Nicolaides,Kimon,Kimon Nicolaides,1892,1938,1892-1938,New York City,New York,United States of America,,,949,500053866,,-74.00597,40.71427,5128581
Noguchi,Isamu,Isamu Noguchi,1904,1988,1904-1988,New York City,New York,United States of America,Central North America,North America,954,,,-74.00597,40.71427,5128581
O'Keeffe,Georgia,Georgia O'Keeffe,1887,1986,1887-1986,Santa Fe,New Mexico,United States of America,Central North America,North America,962,,,-105.9378,35.68698,5490263
Orozco,Jose,Jose Clemente Orozco,1883,1949,1883-1949,Mexico City,,Mexico,,North and Central America,7665,,,-99.12766,19.42847,3530597
Pach,Walter,Walter Pach,1883,1958,1883-1958,New York City,New York,United States of America,,North America,982,,,-74.00597,40.71427,5128581
Palmer,William C.,William C. Palmer,1906,1987,1906-1987,Clinton,New York,United States of America,,,987,,,-90.18874,41.84447,4852022
Papsdorf,Fred,Fred Papsdorf,1887,1978,1887-1978,Detroit,Michigan,United States of America,,,989,500058308,,-83.04575,42.33143,4990729
Parsons,Lloyd,Lloyd Parsons,1893,1968,1893-1968,Little Compton,Rhode Island,United States of America,,,998,,,-71.17116,41.5101,5223129
Peirce,Waldo,Waldo Peirce,1884,1970,1884-1970,Newburyport,Massachusetts,United States of America,,,1008,500124326,,-70.87728,42.81259,4945256
Pereira,I. Rice,I. Rice Pereira,1902,1971,1902-1971,Marbella,,Spain,,Europe,1009,,,-4.88583,36.51543,2514169
Perkins,Harley,Harley Perkins,1883,1964,1883-1964,Boston,Massachusetts,United States of America,,,1011,,,-71.05977,42.35843,4930956
Persons,Simmons,Simmons Persons,1906,0,1906-,New York City,New York,United States of America,,,1016,500053892,,-74.00597,40.71427,5128581
Philipp,Robert,Robert Philipp,1895,1981,1895-1981,New York City,New York,United States of America,,,1020,500014139,,-74.00597,40.71427,5128581
Phillips,Marjorie,Marjorie Phillips,1895,1985,1895-1985,"Washington, D.C.",,United States of America,,,1024,500009481,,-77.03637,38.89511,4140963
Picken,George,George Picken,1898,1971,1898-1971,Tyringham,Massachusetts,United States of America,,,1026,500099423,,-73.20372,42.24592,4953553
Pickett,Joseph,Joseph Pickett,1848,1918,1848-1918,New Hope,Pennsylvania,United States of America,,,1027,500026784,,-86.39443,34.53703,4079630
Pinto,Salvatore,Salvatore Pinto,1904,1975,1904-1975,Philadelphia,Pennsylvania,United States of America,,,1030,,,-75.16379,39.95234,4560349
Pippin,Horace,Horace Pippin,1888,1946,1888-1946,West Chester,Pennsylvania,United States of America,Central North America,North America,1031,,,-75.60804,39.96097,4562144
Pittman,Hobson,Hobson Pittman,1900,1972,1900-1972,Bryn Mawr,Pennsylvania,United States of America,,,1032,500010049,,-122.24092,47.4943,7260966
Polasek,Albin,Albin Polasek,1879,1965,1879-1965,Winter Park,Florida,United States of America,,,1035,500053986,,-81.33924,28.6,4178560
Pollet,Joseph,Joseph Pollet,1898,1979,1898-1979,New York City,New York,United States of America,,,1037,500000075,,-74.00597,40.71427,5128581
Pollock,Charles,Charles Pollock,1902,1988,1902-1988,Paris,,France,,,1038,500191643,,2.3488,48.85341,2988507
Poor,Henry Varnum,Henry Varnum Poor,1887,1970,1887-1970,New City,New York,United States of America,,,1042,500006032,,-74.00597,40.71427,5128581
Prendergast,Maurice,Maurice Prendergast,1858,1924,1858-1924,New York City,New York,United States of America,,North America,1052,,,-74.00597,40.71427,5128581
Presser,Josef,Josef Presser,1909,1967,1909-1967,Paris,,France,,,1054,,,2.3488,48.85341,2988507
Prestopino,Gregorio,Gregorio Prestopino,1907,1984,1907-1984,Princeton,New Jersey,United States of America,,,1056,500013811,,-74.65905,40.34872,5102922
Prophet,Nancy Elizabeth,Nancy Elizabeth Prophet,1890,1960,1890-1960,Providence,Rhode Island,United States of America,Central North America,North America,1060,,,-71.41283,41.82399,5224151
Quinn,Edmond Thomas,Edmond Thomas Quinn,1868,1929,1868-1929,New York City,New York,United States of America,,,1065,500054115,,-74.00597,40.71427,5128581
Quirt,Walter,Walter Quirt,1902,1968,1902-1968,Minneapolis,Minnesota,United States of America,,,1066,500019830,,-93.26384,44.97997,5037649
Rasmusson,Daniel,Daniel Rasmusson,1913,0,1913-,,,,,,1072,,,35.76667,34.15778,270871
Rattner,Abraham,Abraham Rattner,1895,1978,1895-1978,New York City,New York,United States of America,,,1073,500015594,,-74.00597,40.71427,5128581
Redfield,Edward,Edward Redfield,1869,1965,1869-1965,Center Bridge ,Pennsylvania,United States of America,,,1077,,,-74.68127,40.29039,5103024
Reindel,Edna,Edna Reindel,1900,1990,1900-1990,Santa Monica,California,United States of America,,,1082,500101252,,-118.49119,34.01945,5393212
Ribak,Louis,Louis Ribak,1903,1979,1903-1979,Taos,New Mexico,United States of America,,,1090,500011747,,-105.63097,36.5783,5493780
Richards,Walter,Walter DuBois Richards,1907,2006,1907-2006,New Canaan,Connecticut,United States of America,,,1092,500055139,,-69.56144,44.76173,4960036
Riggs,Robert,Robert Riggs,1896,1970,1896-1970,Philadelphia,Pennsylvania,United States of America,Central North America,North America,1098,,,-75.16379,39.95233,4560349
Robinson,Boardman,Boardman Robinson,1876,1952,1876-1952,Colorado Springs,Colorado,United States of America,,,1103,500010640,,-104.82136,38.83388,5417598
Robus,Hugo,Hugo Robus,1885,1964,1885-1964,New York City,New York,United States of America,,,1105,500009145,,-74.00597,40.71427,5128581
Rohland,Caroline,Caroline Speare Rohland,1885,1965,1885-1965,Sierra Madre,California,United States of America,,,1109,,,-118.05285,34.16167,5395622
Rohland,Paul,Paul Rohland,1884,1949,1884-1949,Los Angeles,California,United States of America,,,1110,500055122,,-118.24368,34.05223,5368361
Rollo,Jo,Jo Rollo,1904,2001,1904-2001,Chicago,Illinois,United States of America,,,1112,500025141,,-87.65005,41.85003,4887398
Rosen,Charles,Charles Rosen,1878,1950,1878-1950,Kingston,New York,United States of America,,,1120,500013751,,-70.72448,41.99455,4941383
Roszak,Theodore,Theodore Roszak,1907,1981,1907-1981,New York City,New York,United States of America,Central North America,North America,1128,,,-74.00597,40.71427,5128581
Roth,Ernest,Ernest Roth,1879,1964,1879-1964,Cambridge,New York,United States of America,,,1129,,,-71.10561,42.3751,4931972
Rothko,Mark,Mark Rothko,1903,1970,1903-1970,New York City,New York,United States of America,Central North America,North America,1132,,,-74.00597,40.71427,5128581
Rothschild,Lincoln,Lincoln Rothschild,1902,1983,1902-1983,Dobbs Ferry,New York,United States of America,,,1133,500055434,,-73.87264,41.01454,5115123
Ruellan,Andrée,Andrée Ruellan,1905,2006,1905 - 2006,Kingston,New York,United States of America,,,1134,500041058,,-70.72448,41.99455,4941383
Ruggles,Carl,Carl Ruggles,1876,1971,1876-1971,Bennington,Vermont,United States of America,,,1135,500101596,,-73.09295,43.03546,5233748
Rumsey,Charles Cary,Charles Cary Rumsey,1879,1922,1879-1922,Floral Park,New York,United States of America,,,1136,500042098,,-73.70485,40.72371,5117438
Ruzicka,Rudolph,Rudolph Ruzicka,1883,1978,1883-1978,Hanover,New Hampshire,United States of America,,,1140,500040796,,-77.49087,37.76015,4762988
Saalburg,Allen,Allen Saalburg,1899,1987,1899-1987,Flemington,New Jersey,United States of America,,,1145,,,-81.564,31.85965,4195413
Santo,Patsy,Patsy Santo,1893,1975,1893-1975,Bennington,Vermont,United States of America,,,1152,500086774,,-73.09295,43.03546,5233748
Sardeau,Hélène,Hélène Sardeau,1899,1969,1899-1969,Croton-on-Hudson,New York,United States of America,,,1153,500105968,,-73.89125,41.20843,5114221
Saul,Kovner,Saul,1904,1982,1904-1982,North Hollywood,California,United States of America,,,1160,,,-118.32674,34.09834,5357527
Sawyer,Helen,Helen Sawyer,1900,1999,1900-1999,Sarasota,Florida,United States of America,,,1165,,,-82.53065,27.33643,4172131
Scaravaglione,Concetta,Concetta Scaravaglione,1900,1975,1900-1975,New York City,New York,United States of America,Central North America,North America,1168,,,-74.00597,40.71427,5128581
Schanker,Louis,Louis Schanker,1903,1981,1903-1981,Stamford,Connecticut,United States of America,,,1170,500041072,,-73.53873,41.05343,4843564
Schmidt,Katherine,Katherine Schmidt,1898,1978,1898-1978,Sarasota,Florida,United States of America,Central North America,North America,1176,,,-82.53065,27.33643,4172131
Schnakenberg,Henry,Henry Schnakenberg,1892,1970,1892-1970,Newtown,Connecticut,United States of America,Central North America,North America,1180,,,-84.36161,39.1245,4519761
Schreiber,Georges,Georges Schreiber,1904,1977,1904-1977,New York City,New York,United States of America,,,1186,500025873,,-74.00597,40.71427,5128581
Shahn,Ben,Ben Shahn,1898,1969,1898-1969,New York City,New York,United States of America,Central North America,North America,1203,,,-74.00597,40.71427,5128581
Sheeler,Charles,Charles Sheeler,1883,1965,1883-1965,Dobbs Ferry,New York,United States of America,Central North America,North America,1209,,,-73.87264,41.01454,5115123
Sheets,Millard,Millard Sheets,1907,1989,1907-1989,Gualala,California,United States of America,Central North America,North America,1210,,,-123.52807,38.76574,5354629
Shiff,Madeline,Madeline Shiff,1895,1966,1895-1966,Hudson Valley,New York,,,,1214,,,-73.5,40.08333,3831624
Shinn,Everett,Everett Shinn,1876,1953,1876-1953,New York City,New York,United States of America,Central North America,North America,1215,,,-74.00597,40.71427,5128581
Simkhovitch,Simkha,Simkha Simkhovitch,1893,1949,1893-1949,Milford,Connecticut,United States of America,,,1223,500055629,,-73.0565,41.22232,4838652
Siporin,Mitchell,Mitchell Siporin,1910,1976,1910-1976,Boston,Massachusetts,United States of America,Central North America,North America,1227,,,-71.05977,42.35843,4930956
Sloan,John,John Sloan,1871,1951,1871-1951,Hanover,New Hampshire,United States of America,Central North America,North America,1229,,,-77.49087,37.76015,4762988
Smith,David,David Smith,1906,1965,1906-1965,Bennington,Vermont,United States of America,Central North America,North America,1232,,,-73.09295,43.03546,5233748
Smith,Jacob,Jacob Getlar Smith,1898,1958,1898-1958,New York City,New York,United States of America,,,1235,500018974,,-74.00597,40.71427,5128581
Smith,Judson,Judson Smith,1880,1962,1880-1962,Woodstock,New York,United States of America,,,1236,,,-84.51938,34.10149,4231874
Soyer,Isaac,Isaac Soyer,1907,1981,1907-1981,New York City,New York,United States of America,Central North America,North America,1254,,,-74.00597,40.71427,5128581
Soyer,Raphael,Raphael Soyer,1899,1987,1899-1987,New York City,New York,United States of America,Central North America,North America,1256,,,-74.00597,40.71427,5128581
Speicher,Eugene,Eugene Speicher,1883,1962,1883-1962,Woodstock,New York,United States of America,,,1259,500003881,,-84.51938,34.10149,4231874
Spencer,Niles,Niles Spencer,1893,1952,1893-1952,Dingmans Ferry,Pennsylvania,United States of America,Central North America,North America,1260,,,-74.87128,41.22009,5186990
Sprinchorn,Carl,Carl Sprinchorn,1887,1971,1887-1971,Albany,New York,United States of America,,,1262,500030288,,-73.75623,42.65258,5106834
Spruance,Benton,Benton Murdoch Spruance,1904,1967,1904-1967,Philadelphia,Pennsylvania,United States of America,Central North America,North America,1263,,,-75.16379,39.95234,4560349
Stavenitz,Alexander,Alexander R. Stavenitz,1901,1960,1901-1960,South Norwalk,Connecticut,United States of America,,,1273,,,-73.41873,41.09371,4843313
Stea,Cesare,Cesare Stea,1893,1960,1893-1960,New York City,New York,United States of America,,,1274,,,-74.00597,40.71427,5128581
Steiger,Harwood,Harwood Steiger,1900,1980,1900-,Tubac,Arizona,United States of America,,,1277,,,-111.04592,31.61259,5318288
Stella,Joseph,Joseph Stella,1877,1946,1877-1946,New York City,New York,United States of America,Central North America,North America,1281,,,-74.00597,40.71427,5128581
Sternberg,Harry,Harry Sternberg,1904,2001,1904-2001,Escondido,California,United States of America,Central North America,North America,1283,,,-117.08642,33.11921,5346827
Sterne,Maurice,Maurice Sterne,1878,1957,1878-1957,Mount Kisco,New York,United States of America,,,1285,500026464,,-73.72708,41.20426,5127744
Sterner,Albert,Albert Sterner,1863,1946,1863-1946,New York City,New York,United States of America,,,1286,500018573,,-74.00597,40.71427,5128581
Stevens,Edward John,Edward John Stevens Jr.,1923,1988,1923-1988,Newark,New Jersey,United States of America,,,1289,,,-74.17237,40.73566,5101798
Stieglitz,Alfred,Alfred Stieglitz,1864,1946,1864-1946,New York City,New York,United States of America,Central North America,North America,1292,,,-74.00597,40.71427,5128581
Stuempfig,Walter,Walter Stuempfig,1914,1970,1914-1970,Ocean City ,New Jersey,United States of America,,,1300,500028060,,-75.12407,38.31206,4364313
Taylor,John,John W. Taylor,1897,1983,1897-1983,Shady,New York,United States of America,,,1319,,,-90.44482,35.13203,4123767
Taylor,Prentiss,Prentiss Hottel Taylor,1907,1991,1907-1991,"Washington, D.C.",,United States of America,Central North America,North America,1320,,,-77.03637,38.89511,4140963
Tofel,Jennings,Jennings Tofel,1891,1959,1891-1959,New York City,New York,United States of America,,,1332,500098205,,-74.00597,40.71427,5128581
Tollefson,Carl,Carl Anthony Tollefson,1899,0,1899-,,,,,,1333,,,176.13333,-39.36667,2186206
Tomlin,Bradley,Bradley Walker Tomlin,1899,1953,1899-1953,New York City,New York,United States of America,Central North America,North America,1334,,,-74.00597,40.71427,5128581
Trunk,Herman,"Herman Trunk, Jr.",1899,1963,1899-1963,Brooklyn,New York,United States of America,,,1345,,,-73.94958,40.6501,5110302
Tucker,Allen,Allen Tucker,1866,1939,1866-1939,New York City,New York,United States of America,,,1348,500025045,,-74.00597,40.71427,5128581
Turnbull,James,James Turnbull,1909,1976,1909-1976,Croton-on-Hudson,New York,United States of America,,,1349,500079482,,-73.89125,41.20843,5114221
Vagis,Polygnotos,Polygnotos Vagis,1894,1965,1894-1965,New York City,New York,United States of America,,,1360,500330250,,-74.00597,40.71427,5128581
Varian,Dorothy,Dorothy Varian,1895,1985,1895-1985,New York City,New York,United States of America,,,1366,500051111,,-74.00597,40.71427,5128581
Walkowitz,Abraham,Abraham Walkowitz,1878,1965,1878-1965,New York City,New York,United States of America,Central North America,North America,1382,,,-74.00597,40.71427,5128581
Walters,Carl,Carl Walters,1883,1955,1883-1955,Woodstock,New York,United States of America,Central North America,North America,1383,,,-84.51938,34.10149,4231874
Wasey,Jane,Jane Wasey,1912,1992,1912-1992,Glen Cove,Maine,United States of America,Central North America,North America,1385,,,-73.63374,40.86232,5118626
Watkins,Franklin,Franklin C. Watkins,1894,1972,1894-1972,Bologna,,Italy,,,1386,500025403,,11.33875,44.49381,3181928
Watson,Nan,Nan Watson,1876,1966,1876-1966,"Washington, D.C.",,United States of America,,,1387,500041126,,-77.03637,38.89511,4140963
Weber,Max,Max Weber,1881,1961,1881-1961,Great Neck,New York,United States of America,Central North America,North America,1390,,,-70.19668,41.27096,4938238
Wengenroth,Stow,Stow Wengenroth,1907,1978,1907-1978,Rockport,Massachusetts,United States of America,,,1401,500041132,,-69.07615,44.18452,4976817
Wheeler,George,George Bernard Wheeler,0,0,,,,,,,1409,,,35.76667,34.15778,270871
Wheeler,Steve,Steve Wheeler,1912,1992,1912-1992,New York City,New York,United States of America,Central North America,North America,1410,,,-74.00597,40.71427,5128581
Wheelock,Warren,Warren Wheelock,1880,1960,1880-1960,Albuquerque,New Mexico,United States of America,,,1411,500044791,,-106.65114,35.08449,5454711
White,Charles,Charles White,1918,1979,1918-1979,Los Angeles,California,United States of America,Central North America,North America,1412,,,-118.24368,34.05223,5368361
Whitney,Gertrude,Gertrude Vanderbilt Whitney,1875,1942,1875-1942,New York City,New York,United States of America,Central North America,North America,1415,,,-74.00597,40.71427,5128581
Whorf,John,John Whorf,1903,1959,1903-1959,Provincetown,Massachusetts,United States of America,,,1417,500027972,,-70.22058,42.07205,4948092
Wickey,Harry,Harry Wickey,1892,1968,1892-1968,Cornwall Landing,New York,United States of America,,,1418,500003825,,-74.00042,41.44343,5113772
Wiltz,Arnold,Arnold Wiltz,1889,1937,1889-1937,Kingston,New York,United States of America,,,1436,500041142,,-70.72448,41.99455,4941383
Wood,Grant,Grant Wood,1891,1942,1891-1942,Iowa City,Iowa,United States of America,Central North America,North America,1447,,,-91.53017,41.66113,4862034
Wyeth,Andrew,Andrew Wyeth,1917,2009,1917-2009,Chadds Ford,Pennsylvania,United States of America,Central North America,North America,1451,,,-75.59132,39.87178,4557084
Yarrow,William,William Yarrow,1891,1941,1891-1941,New York City,New York,United States of America,,,1453,,,-74.00597,40.71427,5128581
Young,Mahonri,Mahonri M. Young,1877,1957,1877-1957,Norwalk,Connecticut,United States of America,,,1455,500023951,,-73.4079,41.1176,4839822
Zerbe,Karl,Karl Zerbe,1903,1972,1903-1972,Tallahassee,Florida,United States of America,,,1461,500020391,,-84.28073,30.43826,4174715
Zirinsky,Julius,Julius Zirinsky,1898,1970,1898-1970,New York City,New York,United States of America,,,1464,500042203,,-74.00597,40.71427,5128581
Zorach,Marguerite,Marguerite Zorach,1887,1968,1887-1968,New York City,New York,United States of America,Central North America,North America,1466,,,-74.00597,40.71427,5128581
Zorach,William,William Zorach,1887,1966,1887-1966,Bath,Maine,United States of America,Central North America,North America,1467,,,-83.74267,38.14497,4283333
